172.18.0.1, 28/04/2021 16:44:35 EST
172.18.0.1, 28/04/2021 16:57:33 EST
172.18.0.1, 28/04/2021 16:58:28 EST
172.18.0.1, 28/04/2021 16:59:05 EST
172.18.0.1, 28/04/2021 17:00:22 EST
172.18.0.1, 28/04/2021 17:00:57 EST
172.18.0.1, 28/04/2021 17:02:59 EST
172.18.0.1, 28/04/2021 17:03:06 EST
172.18.0.1, 28/04/2021 17:03:39 EST
172.18.0.1, 28/04/2021 17:04:46 EST
172.18.0.1, 28/04/2021 17:06:42 EST
172.18.0.1, 28/04/2021 17:09:16 EST
172.18.0.1, 28/04/2021 17:12:06 EST
172.18.0.1, 28/04/2021 17:13:44 EST
172.18.0.1, 28/04/2021 17:15:03 EST
172.18.0.1, 28/04/2021 17:16:01 EST
172.18.0.1, 28/04/2021 17:19:01 EST
129.21.149.131, 28/04/2021 17:21:59 EST
129.21.149.131, 28/04/2021 17:24:46 EST
129.21.149.131, 28/04/2021 17:25:10 EST
35.227.62.178, 28/04/2021 17:28:29 EST
45.46.192.133, 28/04/2021 17:28:51 EST
129.21.149.131, 28/04/2021 18:52:38 EST
129.21.149.131, 28/04/2021 18:55:41 EST
98.10.115.13, 28/04/2021 20:14:13 EST
98.10.115.13, 29/04/2021 13:16:01 EST
98.10.115.13, 29/04/2021 14:53:10 EST
129.21.149.131, 29/04/2021 15:29:06 EST
35.196.132.85, 29/04/2021 15:29:09 EST
129.21.148.62, 29/04/2021 15:29:51 EST
129.21.149.131, 29/04/2021 15:32:37 EST
129.21.149.131, 29/04/2021 15:36:03 EST
129.21.148.62, 29/04/2021 15:40:27 EST
129.21.148.62, 29/04/2021 15:40:30 EST
129.21.149.131, 29/04/2021 15:52:31 EST
129.21.149.131, 29/04/2021 15:52:56 EST
129.21.149.131, 29/04/2021 15:58:53 EST
129.21.149.131, 29/04/2021 16:01:29 EST
129.21.149.131, 29/04/2021 16:05:53 EST
129.21.149.131, 29/04/2021 16:13:20 EST
172.18.0.1, 03/05/2021 11:31:52 EST
172.18.0.1, 03/05/2021 11:33:38 EST
172.18.0.1, 03/05/2021 11:33:49 EST
172.18.0.1, 03/05/2021 11:34:26 EST
172.18.0.1, 03/05/2021 11:35:52 EST
172.18.0.1, 03/05/2021 11:37:23 EST
172.18.0.1, 03/05/2021 11:37:47 EST
172.18.0.1, 03/05/2021 11:39:02 EST
172.18.0.1, 03/05/2021 11:40:46 EST
172.18.0.1, 03/05/2021 11:41:11 EST
172.18.0.1, 03/05/2021 11:43:50 EST
172.18.0.1, 03/05/2021 11:44:44 EST
172.18.0.1, 03/05/2021 11:45:14 EST
172.18.0.1, 03/05/2021 11:46:49 EST
172.18.0.1, 03/05/2021 11:48:33 EST
172.18.0.1, 03/05/2021 11:49:14 EST
172.18.0.1, 03/05/2021 11:50:58 EST
172.18.0.1, 03/05/2021 11:51:35 EST
172.18.0.1, 03/05/2021 11:57:54 EST
172.18.0.1, 03/05/2021 11:59:10 EST
172.18.0.1, 03/05/2021 11:59:55 EST
172.18.0.1, 03/05/2021 12:00:09 EST
172.18.0.1, 03/05/2021 12:02:14 EST
172.18.0.1, 03/05/2021 12:04:21 EST
172.18.0.1, 08/05/2021 14:08:50 EST
172.18.0.1, 08/05/2021 14:10:06 EST
129.21.149.131, 09/05/2021 16:11:35 EST
129.21.149.131, 09/05/2021 16:12:09 EST
129.21.149.131, 09/05/2021 16:13:10 EST
129.21.149.131, 09/05/2021 16:14:10 EST
129.21.149.131, 09/05/2021 16:15:00 EST
129.21.149.131, 09/05/2021 16:17:38 EST
129.21.149.131, 09/05/2021 16:19:36 EST
129.21.149.131, 09/05/2021 16:20:57 EST
129.21.149.131, 09/05/2021 16:21:02 EST
129.21.149.131, 09/05/2021 16:24:38 EST
129.21.149.131, 09/05/2021 16:25:12 EST
129.21.149.131, 09/05/2021 16:25:24 EST
129.21.149.131, 09/05/2021 16:27:25 EST
129.21.149.131, 09/05/2021 16:28:52 EST
129.21.149.131, 09/05/2021 18:43:14 EST
129.21.149.131, 09/05/2021 18:46:21 EST
129.21.149.131, 09/05/2021 18:47:17 EST
129.21.149.131, 09/05/2021 18:49:00 EST
129.21.149.131, 09/05/2021 18:49:04 EST
129.21.149.131, 09/05/2021 18:49:28 EST
129.21.149.131, 09/05/2021 18:49:30 EST
129.21.149.131, 09/05/2021 18:50:59 EST
129.21.149.131, 09/05/2021 18:51:09 EST
129.21.149.131, 09/05/2021 18:52:04 EST
129.21.149.131, 09/05/2021 18:53:24 EST
129.21.149.131, 09/05/2021 18:54:20 EST
129.21.149.131, 09/05/2021 18:55:18 EST
129.21.149.131, 09/05/2021 18:55:42 EST
129.21.149.131, 09/05/2021 18:56:45 EST
129.21.149.131, 09/05/2021 18:57:24 EST
129.21.149.131, 09/05/2021 18:58:58 EST
129.21.149.131, 09/05/2021 18:59:54 EST
129.21.149.131, 09/05/2021 19:00:47 EST
129.21.149.131, 09/05/2021 19:01:37 EST
129.21.149.131, 09/05/2021 19:02:23 EST
129.21.149.131, 09/05/2021 19:02:33 EST
129.21.149.131, 09/05/2021 19:03:45 EST
129.21.149.131, 09/05/2021 19:04:46 EST
129.21.149.131, 09/05/2021 19:06:11 EST
129.21.149.131, 09/05/2021 19:06:26 EST
129.21.149.131, 09/05/2021 19:09:13 EST
129.21.149.131, 09/05/2021 19:09:39 EST
129.21.149.131, 09/05/2021 19:10:40 EST
129.21.149.131, 09/05/2021 19:12:17 EST
129.21.149.131, 09/05/2021 19:13:35 EST
129.21.149.131, 09/05/2021 19:15:24 EST
129.21.149.131, 09/05/2021 19:16:43 EST
129.21.149.131, 09/05/2021 19:16:57 EST
129.21.149.131, 09/05/2021 19:17:07 EST
129.21.149.131, 09/05/2021 19:17:42 EST
129.21.149.131, 09/05/2021 19:18:06 EST
129.21.149.131, 09/05/2021 19:18:50 EST
129.21.149.131, 09/05/2021 19:20:29 EST
129.21.149.131, 09/05/2021 19:22:39 EST
129.21.149.131, 09/05/2021 19:22:48 EST
129.21.149.131, 09/05/2021 19:22:58 EST
129.21.149.131, 09/05/2021 19:23:37 EST
129.21.149.131, 09/05/2021 19:24:26 EST
129.21.149.131, 09/05/2021 19:26:15 EST
129.21.149.131, 09/05/2021 19:29:26 EST
129.21.149.131, 09/05/2021 19:30:38 EST
129.21.149.131, 09/05/2021 19:30:48 EST
129.21.149.131, 09/05/2021 19:31:14 EST
129.21.149.131, 09/05/2021 19:32:02 EST
129.21.149.131, 09/05/2021 19:33:03 EST
129.21.149.131, 09/05/2021 19:34:34 EST
129.21.149.131, 09/05/2021 19:35:33 EST
129.21.149.131, 09/05/2021 19:35:39 EST
129.21.149.131, 09/05/2021 19:35:54 EST
129.21.149.131, 09/05/2021 19:38:36 EST
129.21.149.131, 09/05/2021 19:38:41 EST
129.21.149.131, 09/05/2021 19:40:21 EST
129.21.149.131, 09/05/2021 19:46:36 EST
129.21.149.131, 09/05/2021 19:46:40 EST
129.21.149.131, 09/05/2021 19:48:41 EST
129.21.149.131, 09/05/2021 19:48:46 EST
129.21.149.131, 09/05/2021 21:11:05 EST
129.21.149.131, 09/05/2021 21:11:30 EST
129.21.149.131, 09/05/2021 21:13:03 EST
129.21.149.131, 09/05/2021 21:15:09 EST
129.21.149.131, 09/05/2021 21:17:36 EST
129.21.149.131, 09/05/2021 21:19:46 EST
129.21.149.131, 09/05/2021 21:20:12 EST
129.21.149.131, 09/05/2021 21:20:46 EST
129.21.149.131, 09/05/2021 21:24:21 EST
129.21.149.131, 09/05/2021 21:25:09 EST
129.21.149.131, 09/05/2021 21:25:33 EST
129.21.149.131, 09/05/2021 21:27:22 EST
129.21.149.131, 09/05/2021 21:28:39 EST
129.21.149.131, 09/05/2021 21:30:47 EST
129.21.149.131, 09/05/2021 21:37:24 EST
129.21.149.131, 09/05/2021 21:38:59 EST
129.21.149.131, 09/05/2021 21:42:20 EST
129.21.149.131, 09/05/2021 21:42:54 EST
129.21.149.131, 09/05/2021 21:45:22 EST
35.196.132.85, 09/05/2021 21:45:53 EST
129.21.148.62, 09/05/2021 21:45:55 EST
129.21.148.62, 09/05/2021 21:46:23 EST
129.21.149.131, 09/05/2021 21:55:25 EST
129.21.149.131, 09/05/2021 22:04:30 EST
129.21.149.131, 09/05/2021 22:04:45 EST
129.21.149.131, 09/05/2021 22:04:55 EST
129.21.149.131, 09/05/2021 22:06:51 EST
129.21.149.131, 09/05/2021 22:07:23 EST
129.21.149.131, 09/05/2021 22:07:28 EST
35.237.4.214, 09/05/2021 22:17:56 EST
129.21.149.131, 09/05/2021 22:18:00 EST
129.21.149.131, 09/05/2021 22:18:09 EST
129.21.149.131, 09/05/2021 22:18:42 EST
129.21.149.131, 09/05/2021 22:18:49 EST
129.21.149.131, 09/05/2021 22:19:51 EST
129.21.149.131, 09/05/2021 22:19:54 EST
129.21.149.131, 09/05/2021 22:20:13 EST
129.21.149.131, 09/05/2021 22:20:15 EST
45.46.192.133, 09/05/2021 22:56:34 EST
129.21.149.131, 10/05/2021 12:02:48 EST
129.21.149.131, 10/05/2021 21:39:10 EST
129.21.149.131, 10/05/2021 21:39:43 EST
129.21.149.131, 10/05/2021 21:39:46 EST
129.21.149.131, 10/05/2021 21:41:36 EST
129.21.149.131, 10/05/2021 21:42:35 EST
129.21.149.131, 10/05/2021 21:43:15 EST
129.21.149.131, 10/05/2021 21:45:11 EST
129.21.149.131, 10/05/2021 21:45:12 EST
129.21.149.131, 10/05/2021 21:47:16 EST
129.21.149.131, 10/05/2021 21:48:16 EST
129.21.149.131, 10/05/2021 21:48:52 EST
129.21.149.131, 10/05/2021 21:52:38 EST
129.21.149.131, 10/05/2021 21:54:16 EST
129.21.149.131, 10/05/2021 21:55:27 EST
129.21.149.131, 10/05/2021 21:56:44 EST
129.21.149.131, 10/05/2021 21:57:38 EST
129.21.149.131, 10/05/2021 21:58:34 EST
129.21.149.131, 10/05/2021 21:59:46 EST
129.21.149.131, 10/05/2021 21:59:53 EST
129.21.149.131, 11/05/2021 09:33:56 EST
129.21.149.131, 11/05/2021 09:34:25 EST
129.21.149.131, 11/05/2021 09:34:27 EST
129.21.149.131, 11/05/2021 09:51:35 EST
129.21.149.131, 11/05/2021 09:52:27 EST
129.21.149.131, 11/05/2021 09:56:47 EST
129.21.149.131, 11/05/2021 09:57:20 EST
129.21.149.131, 11/05/2021 10:02:19 EST
129.21.149.131, 11/05/2021 10:03:20 EST
129.21.149.131, 11/05/2021 10:08:50 EST
129.21.149.131, 11/05/2021 10:08:54 EST
129.21.149.131, 11/05/2021 10:13:40 EST
129.21.149.131, 11/05/2021 10:14:31 EST
129.21.149.131, 11/05/2021 10:14:33 EST
129.21.149.131, 11/05/2021 10:15:08 EST
129.21.149.131, 11/05/2021 10:15:10 EST
129.21.149.131, 11/05/2021 10:15:18 EST
129.21.149.131, 11/05/2021 10:15:40 EST
129.21.149.131, 11/05/2021 10:16:22 EST
129.21.149.131, 11/05/2021 10:16:46 EST
129.21.149.131, 11/05/2021 10:16:47 EST
129.21.149.131, 11/05/2021 10:17:26 EST
129.21.149.131, 11/05/2021 10:19:51 EST
129.21.149.131, 11/05/2021 10:20:05 EST
129.21.149.131, 11/05/2021 10:20:34 EST
129.21.149.131, 11/05/2021 10:22:57 EST
129.21.149.131, 11/05/2021 10:23:52 EST
129.21.149.131, 11/05/2021 10:26:05 EST
129.21.149.131, 11/05/2021 10:27:13 EST
129.21.149.131, 11/05/2021 10:27:18 EST
129.21.149.131, 11/05/2021 10:29:10 EST
129.21.149.131, 11/05/2021 10:29:50 EST
129.21.149.131, 11/05/2021 10:29:54 EST
129.21.149.131, 11/05/2021 10:31:37 EST
129.21.149.131, 11/05/2021 10:31:44 EST
129.21.149.131, 11/05/2021 10:31:51 EST
129.21.149.131, 11/05/2021 11:37:27 EST
35.196.132.85, 11/05/2021 11:37:38 EST
45.46.192.133, 11/05/2021 11:37:57 EST
129.21.149.131, 11/05/2021 11:48:33 EST
